{
    "gold_len": 5,
    "test_len": 6,
    "true_pos_num": 5,
    "false_neg_num": 0,
    "false_pos_num": 1,
    "precision": 0.8333333333333334,
    "recall": 1.0,
    "mean_dis": 0.6467418547311967,
    "tot_dis": 3.233709273655984,
    "f1_score": 0.9090909090909091
}