{
    "avg_score": 2.994990656418678,
    "recall": 0.9444444444444444,
    "precision": 0.8461538461538461
}