{
    "gold_len": 2,
    "test_len": 2,
    "true_pos_num": 2,
    "false_neg_num": 0,
    "false_pos_num": 0,
    "precision": 1.0,
    "recall": 1.0,
    "mean_dis": 1.5997323466143873,
    "tot_dis": 3.1994646932287747,
    "pt_cost": 3.1994646932287747,
    "iso_node_num": 0
}