{
    "recall": 0.46766597,
    "precision": 0.5019973
}