{
    "recall": 0.8125986,
    "precision": 0.84491239
}