{
    "avg_score": 2.3356993831432145,
    "recall": 0.8333333333333334,
    "precision": 0.8
}