{
    "avg_score": 1.102912345555233,
    "recall": 1.0,
    "precision": 0.6666666666666667
}