{
    "avg_score": 5.731761103156439,
    "recall": 0.7666666666666666,
    "precision": 0.7666666666666666
}