{
    "recall": 0.74959408,
    "precision": 0.74371237
}