{
    "recall": 0.56911623,
    "precision": 0.64294262
}