{
    "gold_len": 15,
    "test_len": 14,
    "true_pos_num": 14,
    "false_neg_num": 1,
    "false_pos_num": 0,
    "precision": 1.0,
    "recall": 0.9333333333333333,
    "mean_dis": 0.0,
    "tot_dis": 0.0,
    "f1_score": 0.9655172413793104
}