{
    "avg_score": 2.307754201020824,
    "recall": 0.8055555555555556,
    "precision": 0.90625
}