{
    "recall": 0.84370571,
    "precision": 0.88620785
}