{
    "avg_score": 1.36972280006759,
    "recall": 0.9583333333333334,
    "precision": 1.0
}